epoch,steps,Accuracy,Accuracy_Threshold,F1,F1_Threshold,Precision,Recall,Average_Precision
1.0,39,0.9351851851851852,-3.0966568,0.9411764705882353,-3.0966568,0.9333333333333333,0.9491525423728814,0.9718140908124029
2.0,78,0.9166666666666666,-0.94356847,0.9291338582677166,-2.0043526,0.8676470588235294,1.0,0.9661095375690715
3.0,117,0.9166666666666666,-0.5107697,0.9291338582677166,-2.4549837,0.8676470588235294,1.0,0.9654203134928072
1.0,39,0.9166666666666666,-1.3568966,0.923076923076923,-1.3568966,0.9310344827586207,0.9152542372881356,0.9671850014315531
2.0,78,0.9259259259259259,-1.7350183,0.9322033898305084,-1.7350183,0.9322033898305084,0.9322033898305084,0.96808370689324
3.0,117,0.9259259259259259,-1.1257927,0.9344262295081968,-1.3253736,0.9047619047619048,0.9661016949152542,0.9676510876506522
